{"prob_gp_to_hosp": [0.6286291340570562, 0.5217391304347826, 0.6804558885605742, 0.6804558885605742, 0.7812500000000001, 0.7812500000000001, 0.7912794853466761, 0.7912794853466761, 0.7912794853466761, 0.7912794853466761, 0.7912794853466761, 0.7912794853466761, 0.7912794853466761, 0.7912794853466761, 0.7912794853466761, 0.7912794853466761, 0.7912794853466761], "prob_gp_to_recov": [0.3713708659429438, 0.4782608695652174, 0.31954411143942585, 0.31954411143942585, 0.2187499999999999, 0.2187499999999999, 0.20872051465332386, 0.20872051465332386, 0.20872051465332386, 0.20872051465332386, 0.20872051465332386, 0.20872051465332386, 0.20872051465332386, 0.20872051465332386, 0.20872051465332386, 0.20872051465332386, 0.20872051465332386], "prob_exposed_to_asympt": [0.1, 0.1, 0.1, 0.1, 0.1, 0.1, 0.9, 0.9, 0.9, 0.9, 0.9, 0.9, 0.9, 0.9, 0.9, 0.9, 0.9], "prob_exposed_to_gp": [0.3722485207100592, 0.16261552680221814, 0.11475242195909584, 0.11475242195909584, 0.26093221264054145, 0.26093221264054145, 0.03438191201769475, 0.03438191201769475, 0.03438191201769475, 0.03438191201769475, 0.03438191201769475, 0.03438191201769475, 0.03438191201769475, 0.03438191201769475, 0.03438191201769475, 0.03438191201769475, 0.03438191201769475], "prob_exposed_to_mild": [0.5277514792899408, 0.7373844731977819, 0.7852475780409042, 0.7852475780409042, 0.6390677873594586, 0.6390677873594586, 0.06561808798230523, 0.06561808798230523, 0.06561808798230523, 0.06561808798230523, 0.06561808798230523, 0.06561808798230523, 0.06561808798230523, 0.06561808798230523, 0.06561808798230523, 0.06561808798230523, 0.06561808798230523], "prob_hosp_to_death": [0.012985274431057564, 0.014705882352941176, 0.011166253101736972, 0.011166253101736972, 0.012530120481927712, 0.012530120481927712, 0.024390243902439025, 0.024390243902439025, 0.024390243902439025, 0.024390243902439025, 0.024390243902439025, 0.024390243902439025, 0.024390243902439025, 0.024390243902439025, 0.024390243902439025, 0.024390243902439025, 0.024390243902439025], "prob_hosp_to_recov": [0.8870147255689425, 0.8852941176470589, 0.888833746898263, 0.888833746898263, 0.8874698795180723, 0.8874698795180723, 0.875609756097561, 0.875609756097561, 0.875609756097561, 0.875609756097561, 0.875609756097561, 0.875609756097561, 0.875609756097561, 0.875609756097561, 0.875609756097561, 0.875609756097561, 0.875609756097561], "prob_hosp_to_icu": [0.1, 0.1, 0.1, 0.1, 0.1, 0.1, 0.1, 0.1, 0.1, 0.1, 0.1, 0.1, 0.1, 0.1, 0.1, 0.1, 0.1], "prob_icu_to_death": [0.20269443200477685, 0.20269443200477685, 0.20269443200477685, 0.20269443200477685, 0.20269443200477685, 0.20269443200477685, 0.20269443200477685, 0.20269443200477685, 0.20269443200477685, 0.20269443200477685, 0.20269443200477685, 0.20269443200477685, 0.20269443200477685, 0.20269443200477685, 0.20269443200477685, 0.20269443200477685, 0.20269443200477685], "prob_icu_to_recov": [0.7973055679952231, 0.7973055679952231, 0.7973055679952231, 0.7973055679952231, 0.7973055679952231, 0.7973055679952231, 0.7973055679952231, 0.7973055679952231, 0.7973055679952231, 0.7973055679952231, 0.7973055679952231, 0.7973055679952231, 0.7973055679952231, 0.7973055679952231, 0.7973055679952231, 0.7973055679952231, 0.7973055679952231]}