pop_size,sim_time
1000,2.7806050777435303
2000,7.8417792320251465
4000,14.03249740600586
8000,37.54487681388855
10000,53.204437494277954
20000,163.1171109676361
40000,754.0475633144379
