pop_size,sim_time
1000,0.08836674690246582
2000,10.330620050430298
4000,19.07038640975952
8000,32.0343656539917
10000,35.919424295425415
20000,72.8624632358551
40000,130.7392566204071
80000,268.1109652519226
