sim_time,pop_size
0.10158967971801758,1000
3.4685111045837402,2000
4.472148418426514,4000
7.385278940200806,8000
9.061712741851807,10000
15.355450868606567,20000
24.57676935195923,40000
42.98727512359619,80000
55.57432198524475,100000
110.76253724098206,200000
