sim_time,pop_size
0.08836674690246582,1000
10.330620050430298,2000
19.07038640975952,4000
32.0343656539917,8000
35.919424295425415,10000
72.8624632358551,20000
130.7392566204071,40000
268.1109652519226,80000
