sim_time,pop_size
1.3621509075164795,1000
1.759084939956665,2000
2.7412021160125732,4000
4.462514162063599,8000
5.569050550460815,10000
13.396618127822876,20000
29.9567813873291,40000
84.30460596084595,80000
143.66826152801514,100000
441.5548815727234,200000
