,R0,mean_infected,stdev_infected
0,0.0,0.0,0.0
1,0.5,0.48,0.9217374897442331
2,1.0,1.04,1.295530779256132
3,1.5,1.58,1.6624078921853085
4,2.0,1.9,2.202271554554524
5,2.5,2.4,2.8495613697550013
6,3.0,2.96,3.3163835725078603
7,3.5,3.72,4.499066569856463
8,4.0,4.0,4.8
9,4.5,4.46,5.189258135803228
