,R0,mean_infected,stdev_infected
0,0.0,3.56,2.7030353308826727
1,0.5,3.8,2.9291637031753615
2,1.0,4.09,3.1435489498336113
3,1.5,4.36,3.303089462911957
4,2.0,4.58,3.538869876104517
5,2.5,4.81,3.7541843321818917
6,3.0,5.04,3.890809684371622
7,3.5,5.26,4.058620455277877
8,4.0,5.37,4.105252732780285
9,4.5,5.57,4.126148325012081
