,R0,mean_infected,stdev_infected
0,0.0,3.86,3.0529330159700527
1,0.5,3.86,3.0529330159700527
2,1.0,3.86,3.0529330159700527
3,1.5,3.86,3.0529330159700527
4,2.0,3.86,3.0529330159700527
5,2.5,3.86,3.0529330159700527
6,3.0,3.86,3.0529330159700527
7,3.5,3.86,3.0529330159700527
8,4.0,3.86,3.0529330159700527
9,4.5,3.86,3.0529330159700527
